"pkt_len_min","pkt_len_mean","syn_flag_cnt","tot_bwd_pkts","bwd_pkt_len_std","fwd_iat_max","subflow_fwd_byts","ece_flag_cnt","bwd_byts_b_avg","flow_pkts_s","bwd_pkt_len_mean","bwd_iat_tot","init_bwd_win_byts","down_up_ratio","pkt_len_var","init_fwd_win_byts","fwd_seg_size_avg","flow_byts_s","idle_std","fwd_pkts_s","fwd_header_len","bwd_pkt_len_min","bwd_seg_size_avg","fwd_pkt_len_min","fwd_act_data_pkts","fwd_pkt_len_mean","totlen_fwd_pkts","flow_iat_mean","idle_max","cwe_flag_count","src_port","totlen_bwd_pkts","pkt_len_std","fwd_pkt_len_max","active_std","fwd_iat_min","fwd_iat_std","psh_flag_cnt","subflow_bwd_pkts","bwd_iat_std","bwd_header_len","fwd_pkt_len_std","subflow_fwd_pkts","dst_port","bwd_pkt_len_max","flow_iat_std","protocol","fwd_seg_size_min","flow_iat_min","fwd_iat_tot","bwd_iat_mean","fwd_blk_rate_avg","bwd_psh_flags","bwd_pkts_b_avg","bwd_urg_flags","active_mean","fin_flag_cnt","fwd_pkts_b_avg","subflow_bwd_byts","pkt_size_avg","pkt_len_max","active_max","tot_fwd_pkts","idle_min","idle_mean","fwd_iat_mean","bwd_pkts_s","active_min","ack_flag_cnt","urg_flag_cnt","fwd_byts_b_avg","fwd_urg_flags","bwd_blk_rate_avg","flow_duration","flow_iat_max","bwd_iat_max","rst_flag_cnt","bwd_iat_min","fwd_psh_flags"
0.000049591064453125,0.006922169735557155,0,0,0,1,0.13152122497558594,0,0,6.027903632288325e-7,0,0,0,0,1,0.00048828125,0.006922169735557155,0.004375306262783594,0.1118573323077888,6.027903632288325e-7,0.000362396240234375,0,0,0.000049591064453125,0.0000095367431640625,0.006922169735557155,0.13152122497558594,1,1,0,0.6250095368886854,0,0.013296135122010163,0.032670021057128906,0.013840972222222222,0.00005626678466796875,1,0,0,0,0,0.013296135122010163,0.00001811981201171875,0.9907377737087053,0,1,0.06,0.000019073486328125,0.00005626678466796875,1,0,0,0,0,0,1,0.00392156862745098,0,0,0.006922169735557155,0.032670021057128906,1,0.00001811981201171875,1,1,1,0,1,0,0,0,0,0,1,1,0,0,0,0
0.000049591064453125,0.0028412132932428727,0,0,0,1,0.16194915771484375,0,0,0.0000015108237647805386,0,0,0,0,1,0.00048828125,0.0028412132932428727,0.004501088569122315,0.2929673646755505,0.0000015108237647805386,0.001087188720703125,0,0,0.000049591064453125,0.00002956390380859375,0.0028412132932428727,0.16194915771484375,0.6127357142312186,0.8117802777777777,0,0.8354314488441291,0,0.0027135727631776314,0.006556510925292969,0.06518776714619218,0.0014934539794921875,1,0,0,0,0,0.0027135727631776314,0.00005435943603515625,0.14038300144960708,0,1,0.06,0.000019073486328125,0.0014934539794921875,1,0,0.02494296434151886,0,0,0,0.04050977777777778,0.00392156862745098,0.000003814697265625,0,0.0028412132932428727,0.006556510925292969,0.1707386111111111,0.00005435943603515625,0.007702777777777778,0.17006097222222222,0.6127357142312186,0,0.0021338888888888887,0,0,0.016630172729492188,0,0,1,1,0,0,0,0
0.000049591064453125,0.0004752900865342882,0,0,0,1,0.04277610778808594,0,0,0.000002383251622581007,0,0,0,0,0.40046589274465305,0.00048828125,0.0004752900865342882,0.0011877596475472056,0.202881782095473,0.000002383251622581007,0.00171661376953125,0,0,0.000049591064453125,0.00004482269287109375,0.0004752900865342882,0.04277610778808594,0.38590710886408774,0.6936833333333333,0,0.9191119249256122,0,0.0006179919388691697,0.0025644302368164062,0.12902852073177443,0.0008039474487304688,0.7582817651729539,0,0,0,0,0.0006179919388691697,0.0000858306884765625,0.14038300144960708,0,0.7582817651729539,0.06,0.000019073486328125,0.0008039474487304688,1,0,0.007495986244872408,0,0,0,0.28332444444444443,0.00392156862745098,0.000004172325134277344,0,0.0004752900865342882,0.0025644302368164062,0.4150333333333333,0.0000858306884765625,0.10932666666666667,0.30454560185185187,0.38590710886408774,0,0.14582555555555557,0,0,0.003870844841003418,0,0,1,1,0,0,0,0
0.000049591064453125,0.0009239096390573602,0,0,0,1,0.03510856628417969,0,0,0.000001131746002190298,0,0,0,0,1,0.00048828125,0.0009239096390573602,0.001096423613806148,0.3026567879997704,0.000001131746002190298,0.00072479248046875,0,0,0.000049591064453125,0.00001811981201171875,0.0009239096390573602,0.03510856628417969,0.8253403483210383,1,0,0.8003967345693141,0,0.0012106864094729624,0.004466056823730469,0,0.0011920928955078125,1,0,0,0,0,0.0012106864094729624,0.0000362396240234375,0.07696650644693676,0,1,0.06,0.000019073486328125,0.0011920928955078125,1,0,0,0,0,0,0,0.00392156862745098,0,0,0.0009239096390573602,0.004466056823730469,0,0.0000362396240234375,0.27863305555555556,0.6249083333333333,0.8253403483210383,0,0,0,0,0,0,0,1,1,0,0,0,0
0.000049591064453125,0.0003342628479003906,0,0,0,1,0.002674102783203125,0,0,2.82339715873762e-7,0,0,0,0,0.09605240821838379,0.00048828125,0.0003342628479003906,0.00009896007041375359,0.8318329166666667,2.82339715873762e-7,0.000152587890625,0,0,0.000049591064453125,0.000003814697265625,0.0003342628479003906,0.002674102783203125,1,1,0,0.9179522392614633,0,0.00030265940386322253,0.0007028579711914062,0,0.0007257461547851562,1,0,0,0,0,0.00030265940386322253,0.00000762939453125,0.14038300144960708,0,1,0.06,0.000019073486328125,0.0007257461547851562,1,0,0,0,0,0,0,0.00392156862745098,0,0,0.0003342628479003906,0.0007028579711914062,0,0.00000762939453125,0.8365091666666666,1,1,0,0,0,0,0,0,0,1,1,0,0,0,0
0.000049591064453125,0.00021256273063436105,0,0.001438140869140625,0.00016281691599992205,0.09554004669189453,0.23405170440673828,0,0.0005687713623046875,0.00007815294188627569,0.0002632937949911669,1,0.005863189697265625,1,0.030713867000890155,0.005864143371582031,0.00016019966078489956,0.017419366809684193,0,0.00003845788080021852,0.027866363525390625,0.000049591064453125,0.0002632937949911669,0.000049591064453125,0.000713348388671875,0.00016019966078489956,0.23405170440673828,0.011641290952574532,0,0,0.6920271610589761,0.3970470428466797,0.00017114621268455343,0.00044727325439453125,0,0.0000171661376953125,0.020408287438485505,0,0.001438140869140625,0.03001820601150891,0.0287628173828125,0.00016359665223489544,0.0013933181762695312,0.123247119859617,0.0004367828369140625,0.018462563785832633,0.06,0.000019073486328125,0.00000762939453125,1,0.02292692352780935,0,0,0.000003814697265625,0,0,0.00392156862745098,0,0.3970470428466797,0.00021256273063436105,0.00044727325439453125,0,0.0013933181762695312,0,0,0.023664969614107315,0.00003969506108605717,0,0,0,0,0,0.03075836392225051,1,0.09554004669189453,0.10261154174804688,0,0.00000762939453125,0
0.000049591064453125,0.0022885118212018695,0,0,0,1,0.06407833099365234,0,0,0.000001111543644730326,0,0,0,0,1,0.011706352233886719,0.0022885118212018695,0.002667347465466976,0.44819065264765445,0.000001111543644730326,0.0005340576171875,0,0,0.000049591064453125,0.00001430511474609375,0.0022885118212018695,0.06407833099365234,0.8485314051310221,1,0,0.7775997558556497,0,0.004548896325086323,0.02249908447265625,0,0.0000247955322265625,1,0,0,0,0,0.004548896325086323,0.000026702880859375,0.14038300144960708,0,1,0.06,0.000019073486328125,0.0000247955322265625,1,0,0.03500651125926081,0,0,0,0,0.00392156862745098,0.000003814697265625,0,0.0022885118212018695,0.02249908447265625,0,0.000026702880859375,0.28345,0.8327080555555556,0.8485314051310221,0,0,0,0,0.03465557098388672,0,0,1,1,0,0,0,0
0.000049591064453125,0.001993250846862793,0,0,0,1,0.07973003387451172,0,0,0.0000011912599070178303,0,0,0,0,1,0.009753227233886719,0.001993250846862793,0.0024898225501602915,0.5683757873224923,0.0000011912599070178303,0.000762939453125,0,0,0.000049591064453125,0.00002002716064453125,0.001993250846862793,0.07973003387451172,0.7830491677308694,1,0,0.8722362096589609,0,0.0038438372411820276,0.021883010864257812,0.3408437332423058,0.00002384185791015625,1,0,0,0,0,0.0038438372411820276,0.00003814697265625,0.14038300144960708,0,1,0.06,0.000019073486328125,0.00002384185791015625,1,0,0.034233720023524754,0,0,0,0.4665115740740741,0.00392156862745098,0.000003814697265625,0,0.001993250846862793,0.021883010864257812,0.8330844444444444,0.00003814697265625,0.013544444444444444,0.6688292777777778,0.7830491677308694,0,0.012153333333333334,0,0,0.034043312072753906,0,0,1,1,0,0,0,0
0.000049591064453125,0.0011468686555561266,0,0,0,1,0.021790504455566406,0,0,5.028938207146265e-7,0,0,0,0,1,0.008777618408203125,0.0011468686555561266,0.000604769521553079,1,5.028938207146265e-7,0.000362396240234375,0,0,0.000049591064453125,0.0000095367431640625,0.0011468686555561266,0.021790504455566406,1,1,0,0.6204318303196765,0,0.002387314506683353,0.010898590087890625,0,0.00002574920654296875,1,0,0,0,0,0.002387314506683353,0.00001811981201171875,0.14038300144960708,0,1,0.06,0.000019073486328125,0.00002574920654296875,1,0,0,0,0,0,0,0.00392156862745098,0,0,0.0011468686555561266,0.010898590087890625,0,0.00001811981201171875,0.5559377777777778,1,1,0,0,0,0,0,0,0,1,1,0,0,0,0
0.000049591064453125,0.001259922981262207,0,0,0,1,0.020158767700195312,0,0,4.235109138347794e-7,0,0,0,0,1,0.008777618408203125,0.001259922981262207,0.0005595108560399729,1,4.235109138347794e-7,0.00030517578125,0,0,0.000049591064453125,0.00000762939453125,0.001259922981262207,0.020158767700195312,1,1,0,0.8802624551766232,0,0.0020493285817262583,0.0069942474365234375,1,0.0013875961303710938,1,0,0,0,0,0.0020493285817262583,0.0000152587890625,0.14038300144960708,0,1,0.06,0.000019073486328125,0.0013875961303710938,1,0,0,0,0,0,1,0.00392156862745098,0,0,0.001259922981262207,0.0069942474365234375,1,0.0000152587890625,0.0019369444444444445,1,1,0,0.0012269444444444443,0,0,0,0,0,1,1,0,0,0,0
0.000049591064453125,0.0013930456978934152,0,0,0,1,0.04875659942626953,0,0,9.265077331446733e-7,0,0,0,0,1,0.00048828125,0.0013930456978934152,0.0013533630816291835,0.4167051282261638,9.265077331446733e-7,0.000667572021484375,0,0,0.000049591064453125,0.0000171661376953125,0.0013930456978934152,0.04875659942626953,1,1,0,0.5703517204547188,0,0.0028100342406253984,0.016122817993164062,0.22681211401568943,0.00002384185791015625,1,0,0,0,0,0.0028100342406253984,0.00003337860107421875,0.14038300144960708,0,1,0.06,0.000019073486328125,0.00002384185791015625,1,0,0,0,0,0,0.2782262962962963,0.00392156862745098,0,0,0.0013930456978934152,0.016122817993164062,0.55594,0.00003337860107421875,0.27891472222222224,0.6946970138888889,1,0,0.0003661111111111111,0,0,0,0,0,1,1,0,0,0,0
0.000049591064453125,0.0016472257416823815,0,0,0,1,0.04776954650878906,0,0,7.676658180334686e-7,0,0,0,0,1,0.012193679809570312,0.0016472257416823815,0.0013259441663895323,0.41566245015127273,7.676658180334686e-7,0.000553131103515625,0,0,0.000049591064453125,0.00001430511474609375,0.0016472257416823815,0.04776954650878906,1,1,0,0.5706569008926528,0,0.002769282223727604,0.013551712036132812,0.3934372327202297,0.00000476837158203125,1,0,0,0,0,0.002769282223727604,0.00002765655517578125,0.14038300144960708,0,1,0.06,0.000019073486328125,0.00000476837158203125,1,0,0,0,0,0,0.5563399074074075,0.00392156862745098,0,0,0.0016472257416823815,0.013551712036132812,1,0.00002765655517578125,0.2781588888888889,0.6673401666666667,1,0,0.2780411111111111,0,0,0,0,0,1,1,0,0,0,0
0.000049591064453125,0.00005510691049936655,0,0,0,0.9803314208984375,0.0020389556884765625,0,0,9.889548808530274e-7,0,0,0,0,0.0011484885929795923,0.00048828125,0.00005510691049936655,0.00005714555500712899,0,9.889548808530274e-7,0.000705718994140625,0,0,0.000049591064453125,9.5367431640625e-7,0.00005510691049936655,0.0020389556884765625,0.9451982710096571,0,0,0.8017700465400168,0,0.00003309507627744932,0.0002536773681640625,0,0.2363719940185547,0.13593502034619281,0,0,0,0,0.00003309507627744932,0.00003528594970703125,0.14038300144960708,0,0.13593502034619281,0.06,0.000019073486328125,0.2363719940185547,1,0,0,0,0,0,0,0.00392156862745098,0,0,0.00005510691049936655,0.0002536773681640625,0,0.00003528594970703125,0,0,0.9451982710096571,0,0,0,0,0,0,0,1,0.9803314208984375,0,0,0,0
0.000049591064453125,0.000049591064453125,0,0,0,0.9766483306884766,0.00069427490234375,0,0,0.0000010029605877276484,0,0,0,0,0,0.002559661865234375,0.000049591064453125,0.00005215395056183772,0,0.0000010029605877276484,0.00026702880859375,0,0,0.000049591064453125,0,0.000049591064453125,0.00069427490234375,0.9765646274273212,0,0,0.6255588616769665,0,0,0.000049591064453125,0,0.9765033721923828,0.000034193741330763916,0,0,0,0,0,0.0000133514404296875,0.14038300144960708,0,0.00003419374133078112,0.06,0.000019073486328125,0.9765033721923828,1,0,0,0,0,0,0,0.00392156862745098,0,0,0.000049591064453125,0.000049591064453125,0,0.0000133514404296875,0,0,0.9765646274273212,0,0,0,0,0,0,0,1,0.9766483306884766,0,0,0,0
0.000049591064453125,0.0002770895486349588,0,0.0000476837158203125,0.00035625174897375273,1,0.0037250518798828125,0,0,0.000002430048143026618,0.00042980194091796876,1,0.00048828125,1,0.10429787402595823,0.00048351287841796875,0.00009085492389958079,0.0007060491527650964,0.18267261388095243,0.0000010948568556493551,0.000782012939453125,0.000049591064453125,0.00042980194091796876,0.000049591064453125,0.00002002716064453125,0.00009085492389958079,0.0037250518798828125,0.37842879825168185,0.7617319444444445,0,0.7755550469214924,0.021490097045898438,0.0003153826306478068,0.00016880035400390625,0.1678809084955283,0.0000591278076171875,1,0,0.0000476837158203125,1,0.00095367431640625,0.00005355385125588077,0.00003910064697265625,0.09733730067902648,0.0007724761962890625,0.8296359715972923,0.06,0.000019073486328125,0.00001049041748046875,1,0.6950658486813915,0,0,0,0,0.37333944444444445,0.00392156862745098,0,0.021490097045898438,0.0002770895486349588,0.0007724761962890625,0.5150566666666667,0.00003910064697265625,0.06465777777777777,0.2560131388888889,0.8514647960662842,0.0000013351912873772625,0.15515861111111112,0,0,0,0,0,1,1,1,0,0.00001049041748046875,0
0.000049591064453125,0.0004637759664784307,0,0,0,1,0.021333694458007812,0,0,0.0000012897466975685806,0,0,0,0,0.20399337725287797,0.005864143371582031,0.0004637759664784307,0.000627209426621938,0.23597394949283906,0.0000012897466975685806,0.00087738037109375,0,0,0.000049591064453125,0.00002193450927734375,0.0004637759664784307,0.021333694458007812,0.7208436330159506,0.5285038888888889,0,0.8485847257190814,0,0.0004410705664664563,0.000949859619140625,0,0.001728057861328125,0.8458576571373145,0,0,0,0,0.0004410705664664563,0.0000438690185546875,0.14038300144960708,0,0.8458576571373145,0.06,0.000019073486328125,0.001728057861328125,1,0,0,0,0,0,0,0.00392156862745098,0,0,0.0004637759664784307,0.000949859619140625,0,0.0000438690185546875,0.0265775,0.19479,0.7208436330159506,0,0,0,0,0,0,0,1,1,0,0,0,0
0.000049591064453125,0.0001483599344889323,0,0.0000324249267578125,0.00002506403655928865,1,0.0061931610107421875,0,0.0001506805419921875,0.0000016833595734990316,0.00007965985466452206,1,0.008778572082519531,1,0.048387125862969296,0.00048828125,0.00023819850041316106,0.00026187463765066604,0.3023713746314076,7.294558151829137e-7,0.00049591064453125,0.000049591064453125,0.00007965985466452206,0.000049591064453125,0.00001239776611328125,0.00023819850041316106,0.0061931610107421875,0.5494428408347954,1,0,0.7764095521477073,0.00270843505859375,0.00021481517446453923,0.000736236572265625,0.31400271003694424,0.00012111663818359375,1,0,0.0000324249267578125,1,0.00064849853515625,0.0003023662800581682,0.0000247955322265625,0.09733730067902648,0.0001087188720703125,1,0.06,0.000019073486328125,0.00000858306884765625,1,0.9811045039783824,0,0,0.000003814697265625,0,0.7114544444444444,0.00392156862745098,0,0.00270843505859375,0.0001483599344889323,0.000736236572265625,1,0.0000247955322265625,0.2564855555555556,0.5875080092592593,1,9.53903758316118e-7,0.29646972222222223,0,0,0,0,0.002182352697402962,1,1,1,0,0.00000858306884765625,0
0.000049591064453125,0.00009280840555826823,0,0.000091552734375,0.0000232745262226492,0.9534702301025391,0.007355690002441406,0,0.0001544952392578125,0.000004903301308451283,0.00009739398956298828,1,0.00048828125,1,0.0011521177821689182,0.00048828125,0.00008756773812430245,0.0004771729390007841,0,0.0000022882072772772656,0.0016021728515625,0.000049591064453125,0.00009739398956298828,0.000049591064453125,0.0000400543212890625,0.00008756773812430245,0.007355690002441406,0.18652243054778883,0,0,0.5097123674372472,0.009349822998046875,0.00003314732475373281,0.00013446807861328125,0,0.00007724761962890625,0.43748503696560115,0,0.000091552734375,0.4321875192430155,0.0018310546875,0.000041034960175862546,0.000080108642578125,0.09733730067902648,0.000110626220703125,0.35843608160423285,0.06,0.000019073486328125,0.0000057220458984375,1,0.3514410018920898,0,0,0.000003814697265625,0,0,0.00392156862745098,0,0.009349822998046875,0.00009280840555826823,0.00013446807861328125,0,0.000080108642578125,0,0,0.4022592176874,0.0000026150940311740176,0,0,0,0,0,0.00027217052421214187,1,0.9534702301025391,0.9540290832519531,0,0.0000057220458984375,0
0.000049591064453125,0.0001083491893296831,0,0.000087738037109375,0.000020784901549723557,0.9552936553955078,0.010102272033691406,0,0.0001544952392578125,0.000004839565947287487,0.00009982482246730639,1,0.0029325485229492188,1,0.003353677453935756,0.00048828125,0.00011746827946152798,0.0005498345064718812,0,0.000002338217255431033,0.00164031982421875,0.000049591064453125,0.00009982482246730639,0.000049591064453125,0.00004100799560546875,0.00011746827946152798,0.010102272033691406,0.18899072765630517,0,0,0.7751583123521782,0.009183883666992188,0.00005655365640990187,0.00020885467529296875,0,0.000095367431640625,0.4506948043983426,0,0.000087738037109375,0.44943814550174216,0.0017547607421875,0.00007743852818609562,0.0000820159912109375,0.09733730067902648,0.000110626220703125,0.36905857148229976,0.06,0.000019073486328125,0.0000095367431640625,1,0.36759105095496547,0,0,0.000003814697265625,0,0,0.00392156862745098,0,0.009183883666992188,0.0001083491893296831,0.00020885467529296875,0,0.0000820159912109375,0,0,0.3935453975901884,0.000002501348691856454,0,0,0,0,0,0.0006799098673928613,1,0.9552936553955078,0.9559125900268556,0,0.0000095367431640625,0
0.000049591064453125,0.008633084919141687,0,0.0000934600830078125,0.009655725952254753,0.9600543975830079,0.008098602294921875,0,0.04379081726074219,0.000004922329612734599,0.016126418600277026,1,0.00048828125,1,1,0.00048828125,0.00009416979412699855,0.044559121301366224,0,0.000002300654058125954,0.00164031982421875,0.000049591064453125,0.016126418600277026,0.000049591064453125,0.00004100799560546875,0.00009416979412699855,0.008098602294921875,0.1857788263122892,0,0,0.7808346684977493,1,0.010660337603494413,0.000152587890625,0,0.00014209747314453125,0.43591622002165176,0,0.0000934600830078125,0.43321894903178804,0.00186920166015625,0.00004912056520198012,0.0000820159912109375,0.123247119859617,0.021928787231445312,0.35699914475812095,0.06,0.000019073486328125,0.00000858306884765625,1,0.35047169321591093,0,0,0.000003814697265625,0,0,0.00392156862745098,0,1,0.008633084919141687,0.021928787231445312,0,0.0000820159912109375,0,0,0.399970884884105,0.0000026216755546086456,0,0,0,0,0,0.09579196373304354,1,0.9600543975830078,0.9621305465698242,0,0.00000858306884765625,0
0.000049591064453125,0.0011830528577168782,0,0.00005340576171875,0.00002598206693301873,1,0.10911750793457031,0,0.0001506805419921875,0.0000027963847772536057,0.00007956368582589286,1,0.00048828125,1,1,0.00048828125,0.0027279376983642576,0.0034689735741992907,0.16579371173187077,0.0000011651603238556691,0.000762939453125,0.000049591064453125,0.00007956368582589286,0.000049591064453125,0.000019073486328125,0.0027279376983642576,0.10911750793457031,0.32866304297196236,0.43960055555555555,0,0.7757381551842527,0.00445556640625,0.002941997000901902,0.008968353271484375,0.1420025,0.0000514984130859375,1,0,0.00005340576171875,0.9607648331401989,0.001068115234375,0.004084171065063257,0.00003814697265625,0.09733730067902648,0.0001087188720703125,0.7805422890034662,0.06,0.000019073486328125,0.0000095367431640625,1,0.5676578521728516,0,0,0.000003814697265625,0,0.3614261111111111,0.00392156862745098,0,0.00445556640625,0.0011830528577168782,0.008968353271484375,0.5034286111111111,0.00003814697265625,0.0274675,0.25791106481481485,0.8005894636496519,0.0000016312244533979367,0.2194236111111111,0,0,0,0,0.0006055160188798617,1,1,1,0,0.0000095367431640625,0
0.000049591064453125,0.0016240139941235522,0,0.00003337860107421875,0.00006318655455315471,1,0.227813720703125,0,0,0.000004067518272714017,0.0001262937273297991,1,0.009755134582519531,0.32407407407407407,1,0.0017881393432617188,0.002109386302806713,0.006926585399859817,0.2342551898178321,0.000003071971842329467,0.0020599365234375,0.000049591064453125,0.0001262937273297991,0.000049591064453125,0.0000514984130859375,0.002109386302806713,0.227813720703125,0.2251740576515735,0.7086252777777777,0,0.09733730067902648,0.004420280456542969,0.003284789960202928,0.008928298950195312,0.14186529049466784,0.00000762939453125,0.6946823130744041,0,0.00003337860107421875,0.9573744780432674,0.000667572021484375,0.0036500304158455853,0.000102996826171875,0.509925993743801,0.00018405914306640625,0.6140449782608725,0.06,0.000019073486328125,0.00000762939453125,1,0.939217258902157,0.09555161766739874,0,0,0,0.36664314814814813,0.00392156862745098,0.000003814697265625,0.004420280456542969,0.0016240139941235522,0.008928298950195312,0.5377791666666667,0.000102996826171875,0.013812222222222222,0.2326081746031746,0.2988291232385368,9.955464303845497e-7,0.19039444444444445,0,0,0.017810821533203125,0,0,1,1,1,0,0.0010738372802734375,0
0.000049591064453125,0.00014583269755045572,0,0.000026702880859375,0.000043063815191743465,1,0.00821685791015625,0,0,0.0000021040487255476086,0.00008153915405273438,1,0.005864143371582031,0.6363636363636364,0.026602897379133437,0.00048828125,0.0001867467706853693,0.0003217441176149885,0.21738599828693975,0.0000012858075545013164,0.0008392333984375,0.000049591064453125,0.00008153915405273438,0.000049591064453125,0.000026702880859375,0.0001867467706853693,0.00821685791015625,0.43834749409850216,0.7018155555555555,0,0.09733730067902648,0.0022830963134765625,0.00015928119779958557,0.00046443939208984375,0.09147906945330833,0.0000095367431640625,1,0,0.000026702880859375,1,0.0005340576171875,0.00018981770223955758,0.000041961669921875,0.7766231784542611,0.0001544952392578125,0.9192583736738055,0.06,0.000019073486328125,0.0000095367431640625,1,1,0,0,0,0,0.11289988888888888,0.00392156862745098,0,0.0022830963134765625,0.00014583269755045572,0.00046443939208984375,0.2660783333333333,0.000041961669921875,0.020236944444444443,0.18563234126984127,0.722835429879122,8.182411710462923e-7,0.014303888888888889,0,0,0,0,0,1,1,1,0,0.0000896453857421875,0
0.00003814697265625,0.00012342135111490885,0,0.00001049041748046875,0.00004829612477431624,1,0.0021533966064453125,0,0,7.091152644712588e-7,0.0000735196200284091,1,0.0009737014770507812,0.8461538461538461,0.009938710265689425,0.000484466552734375,0.00016564589280348556,0.00009177133381032206,0.447050499136353,3.841041015885985e-7,0.000247955322265625,0.00003814697265625,0.0000735196200284091,0.00003814697265625,0.00000858306884765625,0.00016564589280348556,0.0021533966064453125,1,1,0,0.032227054245822846,0.0008087158203125,0.00009735652375979302,0.0003070831298828125,0,0.02272510528564453,1,0,0.00001049041748046875,1,0.000209808349609375,0.00010786440473167815,0.00001239776611328125,0.9091630426489662,0.0001697540283203125,1,0.06,0.000019073486328125,0.004717826843261719,1,1,0,0,0,0,0,0.00392156862745098,0,0.0008087158203125,0.00012342135111490885,0.0003070831298828125,0,0.00001239776611328125,0.10338027777777778,0.8661254861111111,1,3.2501116288266027e-7,0,0,0,0,0,0,1,1,1,0,0.07250022888183594,0
0.000049591064453125,0.004496097564697266,0,0,0,1,0.10790634155273438,0,0,7.307011847764316e-7,0,0,0,0,1,0.00048828125,0.004496097564697266,0.003444890735628487,1,7.307011847764316e-7,0.000457763671875,0,0,0.000049591064453125,0.000011444091796875,0.004496097564697266,0.10790634155273438,1,1,0,0.6252536812390326,0,0.0099281925763121,0.026696205139160156,0,0.0001430511474609375,1,0,0,0,0,0.0099281925763121,0.00002288818359375,0.9907377737087053,0,1,0.06,0.000019073486328125,0.0001430511474609375,1,0,0,0,0,0,0,0.00392156862745098,0,0,0.004496097564697266,0.026696205139160156,0,0.00002288818359375,0.010269722222222222,1,1,0,0,0,0,0,0,0,1,1,0,0,0,0
0.000049591064453125,0.000499725341796875,0,0,0,1,0.003997802734375,0,0,2.5421891209095454e-7,0,0,0,0,0.21246337890625,0.005864143371582031,0.000499725341796875,0.00013321070993566018,0,2.5421891209095454e-7,0.000152587890625,0,0,0.000049591064453125,0.000003814697265625,0.000499725341796875,0.003997802734375,1,0,0,0.8487678339818417,0,0.00045013427734375,0.000949859619140625,0,0.0018157958984375,1,0,0,0,0,0.00045013427734375,0.00000762939453125,0.14038300144960708,0,1,0.06,0.000019073486328125,0.0018157958984375,1,0,0,0,0,0,0,0.00392156862745098,0,0,0.000499725341796875,0.000949859619140625,0,0.00000762939453125,0,0,1,0,0,0,0,0,0,0,1,1,0,0,0,0
0.000049591064453125,0.0005006790161132812,0,0,0,0,0.0010013580322265625,0,0,0.0008826231526203146,0,0,0,0,0.2133646011352539,0.0013914108276367188,0.0005006790161132812,0.4633771551256652,0,0.0008826231526203146,0.00003814697265625,0,0,0.000049591064453125,9.5367431640625e-7,0.0005006790161132812,0.0010013580322265625,0,0,0,0.6206149385824369,0,0.00045108795166015625,0.0009517669677734375,0,0,0,0,0,0,0,0.00045108795166015625,0.0000019073486328125,0.14038300144960708,0,0,0.06,0.000019073486328125,0,0,0,0,0,0,0,0,0.00392156862745098,0,0,0.0005006790161132812,0.0009517669677734375,0,0.0000019073486328125,0,0,0,0,0,0,0,0,0,0,0.0006002777777777778,0,0,0,0,0
0.000049591064453125,0.003607637741986443,0,0,0,1,0.06132984161376953,0,0,5.061806594593116e-7,0,0,0,0,1,0.005864143371582031,0.003607637741986443,0.0019148218840687571,0.724939884307466,5.061806594593116e-7,0.000324249267578125,0,0,0.000049591064453125,0.00001049041748046875,0.003607637741986443,0.06132984161376953,1,1,0,0.7644769970244907,0,0.005269580175612377,0.011778831481933594,0,0.00001239776611328125,1,0,0,0,0,0.005269580175612377,0.00001621246337890625,0.14038300144960708,0,1,0.06,0.000019073486328125,0.00001239776611328125,1,0,0,0,0,0,0,0.00392156862745098,0,0,0.003607637741986443,0.011778831481933594,0,0.00001621246337890625,0.5765336111111111,1,1,0,0,0,0,0,0,0,1,1,0,0,0,0
0.00003814697265625,0.0000438690185546875,0,9.5367431640625e-7,0,0,0.000049591064453125,0,0,0.0050325821446240105,0.00003814697265625,0,0,1,0.000034332275390625,0.00048828125,0.000049591064453125,0.2314987786527045,0,0.0025162910723120053,0.000019073486328125,0.00003814697265625,0.00003814697265625,0.000049591064453125,0,0.000049591064453125,0.000049591064453125,0,0,0,0.14038300144960708,0.00003814697265625,0.0000057220458984375,0.000049591064453125,0,0,0,0,9.5367431640625e-7,0,0.000019073486328125,0,9.5367431640625e-7,0.5724269474326695,0.00003814697265625,0,0.06,0.000019073486328125,0,0,0,0,0,0,0,0,0.00392156862745098,0,0.00003814697265625,0.0000438690185546875,0.000049591064453125,0,9.5367431640625e-7,0,0,0,0.0025162910723120053,0,0,0,0,0,0,0.00010527777777777777,0,0,0,0,0
0.000049591064453125,0.000049591064453125,0,0,0,0,0.000049591064453125,0,0,0,0,0,0,0,0,0.00048828125,0.000049591064453125,0,0,0,0.000019073486328125,0,0,0.000049591064453125,0,0.000049591064453125,0.000049591064453125,0,0,0,0.6000762951094835,0,0,0.000049591064453125,0,0,0,0,0,0,0,0,9.5367431640625e-7,0.14038300144960708,0,0,0.06,0.000019073486328125,0,0,0,0,0,0,0,0,0.00392156862745098,0,0,0.000049591064453125,0.000049591064453125,0,9.5367431640625e-7,0,0,0,0,0,0,0,0,0,0,0,0,0,0,0,0
0.000049591064453125,0.0001694915491506594,0,0.0000591278076171875,0.00002980640970835813,1,0.012294769287109375,0,0.0001544952392578125,0.0000033560413227356306,0.00009967434790826613,1,0.00048828125,1,0.04606677189327612,0.00048828125,0.00026159083589594417,0.0005964516743489416,0.4833753586813947,0.0000014471003868676571,0.000896453857421875,0.000049591064453125,0.00009967434790826613,0.000049591064453125,0.00002574920654296875,0.00026159083589594417,0.012294769287109375,0.27351151572333443,1,0,0.7757686732280461,0.0061798095703125,0.0002096012814711846,0.0008325576782226562,0,0.0000438690185546875,1,0,0.0000591278076171875,1,0.00118255615234375,0.0002929199786469014,0.00004482269287109375,0.09733730067902648,0.0001354217529296875,0.9610335740919373,0.06,0.000019073486328125,0.00000858306884765625,1,0.48358360665743466,0,0,0.000003814697265625,0,0,0.00392156862745098,0,0.0061798095703125,0.0001694915491506594,0.0008325576782226562,0,0.00004482269287109375,0.022388055555555557,0.46703509259259257,0.6421574716982634,0.0000019089409358679733,0,0,0,0,0,0.0026253269313793585,1,1,1,0,0.00000858306884765625,0
0.000049591064453125,0.0001551806926727295,0,0.0000362396240234375,0.00003230845110817375,1,0.011888504028320312,0,0,0.00000292646370757973,0.00007918006495425576,1,0.005864143371582031,0.6551724137931034,0.022379213633636635,0.00048828125,0.00020497420738483299,0.0004761905164177392,0.2973595547452446,0.0000017680718233294205,0.00110626220703125,0.000049591064453125,0.00007918006495425576,0.000049591064453125,0.0000400543212890625,0.00020497420738483299,0.011888504028320312,0.31405423816881683,0.7882858333333334,0,0.09733730067902648,0.0030088424682617188,0.00014609066111072208,0.00046443939208984375,0.006974027777777778,0.0000095367431640625,1,0,0.0000362396240234375,1,0.00072479248046875,0.00016845729781646117,0.0000553131103515625,0.7768368047608148,0.00013256072998046875,0.954617286303676,0.06,0.000019073486328125,0.0000095367431640625,1,0.8063531050810943,0,0,0,0,0.009422638888888888,0.00392156862745098,0,0.0030088424682617188,0.0001551806926727295,0.00046443939208984375,0.016396666666666667,0.0000553131103515625,0.01360611111111111,0.2379656666666667,0.5227223446494654,0.0000011583918842503099,0.002448611111111111,0,0,0,0,0,1,1,1,0,0.00011444091796875,0
0.000049591064453125,0.00010622919133279176,0,0.0000591278076171875,0.00003128511243034174,1,0.005570411682128906,0,0.00018978118896484375,0.000003457121276737303,0.00010376591836252521,1,0.0033435821533203125,1,0.0029707112544965935,0.0005445480346679688,0.00010922375847311581,0.0003850865974362162,0.16531694998020927,0.000001560293673571703,0.000972747802734375,0.000049591064453125,0.00010376591836252521,0.000049591064453125,0.00002574920654296875,0.00010922375847311581,0.005570411682128906,0.2654275383268084,0.7886833333333333,0,0.5102616922255283,0.0064334869384765625,0.000053226788601909775,0.000240325927734375,0.0845185792960472,0.0000457763671875,1,0,0.0000591278076171875,1,0.00118255615234375,0.00007121119327126722,0.00004863739013671875,0.09733730067902648,0.00013065338134765625,0.8132109585142003,0.06,0.000019073486328125,0.00000762939453125,1,0.4873377221529601,0,0,0.000003814697265625,0,0.7108535,0.00392156862745098,0,0.0064334869384765625,0.00010622919133279176,0.000240325927734375,0.7888444444444445,0.00004863739013671875,0.29857694444444444,0.6608785714285714,0.5945576858520508,0.0000018968276031655997,0.5800700000000001,0,0,0,0,0.0015821955261016752,1,1,1,0,0.00000762939453125,0
0.000049591064453125,0.00016733578273228237,0,0.000030517578125,0.00019101658519458925,1,0.0021076202392578125,0,0.000820159912109375,0.0000017763032557838876,0.0002269744873046875,1,0.00048828125,1,0.028030121813015063,0.005864143371582031,0.00008781750996907552,0.00031167778198808,0.4321709790148761,7.612728239073805e-7,0.000457763671875,0.000049591064453125,0.0002269744873046875,0.000049591064453125,0.000011444091796875,0.00008781750996907552,0.0021076202392578125,0.5213248166170987,1,0,0.7754329747463188,0.00726318359375,0.00016349803441879983,0.0001678466796875,0,0.00008296966552734375,1,0,0.000030517578125,1,0.0006103515625,0.000051560127010577085,0.00002288818359375,0.09733730067902648,0.00044345855712890625,1,0.06,0.000019073486328125,0.00001049041748046875,1,0.9249128833893807,0,0,0.000003814697265625,0,0,0.00392156862745098,0,0.00726318359375,0.00016733578273228237,0.00044345855712890625,0,0.00002288818359375,0.02357,0.40940743055555556,1,0.0000010150304318765071,0,0,0,0,0,0.029075436475800305,1,1,1,0,0.00001049041748046875,0
0.000049591064453125,0.004050652186075847,0,0,0,1,0.048607826232910156,0,0,4.397502526362997e-7,0,0,0,0,1,0.005864143371582031,0.004050652186075847,0.0018678025522182965,0.6914617759038288,4.397502526362997e-7,0.0002288818359375,0,0,0.000049591064453125,0.00000762939453125,0.004050652186075847,0.048607826232910156,1,1,0,0.5705348287174792,0,0.005467292511829655,0.011791229248046875,0,0.00001811981201171875,1,0,0,0,0,0.005467292511829655,0.000011444091796875,0.14038300144960708,0,1,0.06,0.000019073486328125,0.00001811981201171875,1,0,0,0,0,0,0,0.00392156862745098,0,0,0.004050652186075847,0.011791229248046875,0,0.000011444091796875,0.2794063888888889,1,1,0,0,0,0,0,0,0,1,1,0,0,0,0
0.000049591064453125,0.0007392565409342448,0,0,0,1,0.004435539245605469,0,0,1.9049279139170914e-7,0,0,0,0,0.6877423657311335,0.005863189697265625,0.0007392565409342448,0.00014766366212713987,0.8358986111111111,1.9049279139170914e-7,0.00011444091796875,0,0,0.000049591064453125,0.00000286102294921875,0.0007392565409342448,0.004435539245605469,1,1,0,0.848554207675288,0,0.0008098655632277841,0.001857757568359375,0,0.0013818740844726562,1,0,0,0,0,0.0008098655632277841,0.0000057220458984375,0.14038300144960708,0,1,0.06,0.000019073486328125,0.0013818740844726562,1,0,0,0,0,0,0,0.00392156862745098,0,0,0.0007392565409342448,0.001857757568359375,0,0.0000057220458984375,1,1,1,0,0,0,0,0,0,0,1,1,0,0,0,0
0.000049591064453125,0.00013270744910606972,0,0.000011444091796875,0.0002830911502358891,0.1682300567626953,0.0013818740844726562,0,0,0.000018514021093780334,0.0001723766326904297,1,0.00048351287841796875,0.8571428571428571,0.04650788617557323,0.0612640380859375,0.00009870529174804688,0.002576297242972971,0,0.000009969088281266334,0.00026702880859375,0.000049591064453125,0.0001723766326904297,0.000049591064453125,0.00000667572021484375,0.00009870529174804688,0.0013818740844726562,0.051089630126953126,0,0,0.7504692149233234,0.0020685195922851562,0.00021060241346192946,0.000469207763671875,0,0.00002956390380859375,0.06625663311017173,0,0.000011444091796875,0.06317838342326361,0.0002288818359375,0.0001057053907829915,0.0000133514404296875,0.03390554665445945,0.001079559326171875,0.058643747199941365,0.06,0.000019073486328125,0.00002956390380859375,1,0.10447857596657494,0,0,0,0,0,0.00392156862745098,0,0.0020685195922851562,0.00013270744910606972,0.001079559326171875,0,0.0000133514404296875,0,0,0.09824928870567909,0.000008544932812514001,0,0,0,0,0,0,0.3720233333333333,0.12834644317626953,0.17058944702148438,0,0.00008487701416015625,0
0.000049591064453125,0.00018596649169921875,0,0,0,0,0.0003719329833984375,0,0,0.00007266366843736903,0,0,0,0,0.019501686096191406,0.00048828125,0.00018596649169921875,0.014169415345286962,0,0.00007266366843736903,0.00003814697265625,0,0,0.000049591064453125,9.5367431640625e-7,0.00018596649169921875,0.0003719329833984375,0,0,0,0.9186236362249179,0,0.00013637542724609375,0.0003223419189453125,0,0,0,0,0,0,0,0.00013637542724609375,0.0000019073486328125,0.14038300144960708,0,0,0.06,0.000019073486328125,0,0,0,0,0,0,0,0,0.00392156862745098,0,0,0.00018596649169921875,0.0003223419189453125,0,0.0000019073486328125,0,0,0,0,0,0,0,0,0,0,0.007291388888888889,0,0,0,0,0
0.000049591064453125,0.00023622098176375678,0,0,0,1,0.005433082580566406,0,0,9.729784197715657e-7,0,0,0,0,0.0893192651817163,0.00048828125,0.00023622098176375678,0.00024100252423646127,0.5859749621594997,9.729784197715657e-7,0.000438690185546875,0,0,0.000049591064453125,0.000011444091796875,0.00023622098176375678,0.005433082580566406,0.9772419929504395,1,0,0.6056305790798809,0,0.00029185868012461416,0.0014629364013671875,0,0.00021457672119140625,1,0,0,0,0,0.00029185868012461416,0.00002193450927734375,0.02050812542915999,0,1,0.06,0.000019073486328125,0.00021457672119140625,1,0,0.007721468482987291,0,0,0,0,0.00392156862745098,0.00000476837158203125,0,0.00023622098176375678,0.0014629364013671875,0,0.00002193450927734375,0.04944638888888889,0.5323909444444445,0.9772419929504395,0,0,0,0,0.002422332763671875,0,0,1,1,0,0,0,0
0.00003814697265625,0.0003032684326171875,0,0.00000667572021484375,0.0006189446025484352,0.11149311065673828,0.0007534027099609375,0,0,0.000038980173872780685,0.0005855560302734375,0.28980445861816406,0,0.7777777777777778,0.2439889907836914,0.0612640380859375,0.00008371141221788194,0.012395695291544257,0,0.000021926347803439135,0.000171661376953125,0.00003814697265625,0.0005855560302734375,0.00003814697265625,0.00000286102294921875,0.00008371141221788194,0.0007534027099609375,0.024887720743815105,0,0,0.8374151216906996,0.0040988922119140625,0.000482375407744101,0.00024890899658203125,0,0.000003814697265625,0.04554475323781251,0,0.00000667572021484375,0.04880157284276142,0.000133514404296875,0.00007429521846463713,0.00000858306884765625,0.006759746700236515,0.0013713836669921875,0.03612027004396214,0.06,0.000019073486328125,0.000003814697265625,0.2903404235839844,0.048300743103027344,0,0,0,0,0,0.00392156862745098,0,0.0040988922119140625,0.0003032684326171875,0.0013713836669921875,0,0.00000858306884765625,0,0,0.03629255294799805,0.00001705382606934155,0,0,0,0,0,0,0.10873611111111112,0.08438968658447266,0.11040496826171875,0,0.00003337860107421875,0
0.0000629425048828125,0.0000705718994140625,0,9.5367431640625e-7,0,0,0.0000629425048828125,0,0,0.000040115015307222325,0.0000782012939453125,0,0,1,0.00006103515625,0,0.0000629425048828125,0.0029685111327344524,0,0.000020057507653611163,0.00000762939453125,0.0000782012939453125,0.0000782012939453125,0.0000629425048828125,9.5367431640625e-7,0.0000629425048828125,0.0000629425048828125,0,0,0,0.8101167315175097,0.0000782012939453125,0.00000762939453125,0.0000629425048828125,0,0,0,0,9.5367431640625e-7,0,0.00000762939453125,0,9.5367431640625e-7,0.0008087281605249104,0.0000782012939453125,0,0.17,0.00000762939453125,0,0,0,0,0,0,0,0,0,0,0.0000782012939453125,0.0000705718994140625,0.0000782012939453125,0,9.5367431640625e-7,0,0,0,0.000020057507653611163,0,0,0,0,0,0,0.0132075,0,0,0,0,0
0.00003814697265625,0.0003292560577392578,0,0.0000057220458984375,0.0006231959244086771,0.717127799987793,0.000507354736328125,0,0,0.000015130302533386483,0.0005739529927571615,0.7209920883178711,0.00047779083251953125,1,0.27121355136235553,0.0612640380859375,0.00008455912272135417,0.005223736949651683,0,0.0000075651512666932415,0.00011444091796875,0.00003814697265625,0.0005739529927571615,0.00003814697265625,0.0000019073486328125,0.00008455912272135417,0.000507354736328125,0.0655754262750799,0,0,0.9592278934920272,0.0034437179565429688,0.0005085758529419243,0.00029850006103515625,0,0.00024700164794921875,0.28643231495921234,0,0.0000057220458984375,0.2854709944099841,0.00011444091796875,0.00009577294073648207,0.0000057220458984375,0.0477454795147631,0.001430511474609375,0.20541008864736984,0.06,0.000019073486328125,0.00007343292236328125,0.7213296890258789,0.14419841766357422,0,0,0,0,0,0.00392156862745098,0,0.0034437179565429688,0.0003292560577392578,0.001430511474609375,0,0.0000057220458984375,0,0,0.14426593780517577,0.0000075651512666932415,0,0,0,0,0,0,0.2101025,0.7151346206665039,0.7151346206665039,0,0.00007343292236328125,0
0.000049591064453125,0.0002969440660978618,0,0.00000762939453125,0.0005598723012390164,0.2442340850830078,0.0009584426879882812,0,0.004207611083984375,0.00001821483882587333,0.0005854368209838867,0.7173290252685547,0.0004825592041015625,0.7272727272727273,0.20475459957386977,0.0612640380859375,0.00008713115345348011,0.005671525604940349,0,0.000010545433004452982,0.000209808349609375,0.000049591064453125,0.0005854368209838867,0.000049591064453125,0.00000286102294921875,0.00008713115345348011,0.0009584426879882812,0.052705499860975474,0,0,0.8722056916151675,0.004683494567871094,0.0004418927503135186,0.0002613067626953125,0,0.000003814697265625,0.11574551596043847,0,0.00000762939453125,0.11666580407070681,0.000152587890625,0.00006901798503852658,0.00001049041748046875,0.006759746700236515,0.001277923583984375,0.0955964600439416,0.06,0.000019073486328125,0.000003814697265625,0.9486989974975586,0.10247557503836495,0,0,0.000003814697265625,0,0,0.00392156862745098,0,0.004683494567871094,0.0002969440660978618,0.001277923583984375,0,0.00001049041748046875,0,0,0.09486989974975586,0.00000766940582142035,0,0,0,0,0,1,0.2763286111111111,0.23207569122314453,0.24346733093261722,0,0.000064849853515625,0
0.00003814697265625,0.0007401466369628906,0,0.0000133514404296875,0.0006214384910155901,0.0016584396362304688,0.000507354736328125,0,0.013750076293945312,0.0037151317351236854,0.0010211127144949777,0.004750251770019531,0,1,0.4794924640655519,0.0612640380859375,0.00008455912272135417,1,0,0.0011145395205371057,0.00011444091796875,0.00003814697265625,0.0010211127144949777,0.00003814697265625,0.0000019073486328125,0.00008455912272135417,0.000507354736328125,0.00025769283896998356,0,0,0.9592431525139239,0.014295578002929688,0.0006762245543380273,0.00029850006103515625,0,0.0000152587890625,0.0007388170017319205,0,0.0000133514404296875,0.0008464873075425644,0.00026702880859375,0.00009577294073648207,0.0000057220458984375,0.047730220492866404,0.001430511474609375,0.00044937803799153755,0.06,0.000019073486328125,0.0000152587890625,0.00487518310546875,0.0003654039823091947,0,0,0.0000095367431640625,0,0,0.00392156862745098,0,0.014295578002929688,0.0007401466369628906,0.001430511474609375,0,0.0000057220458984375,0,0,0.00097503662109375,0.00260059221458658,0,0,0,0,0,1,0.001426111111111111,0.00153350830078125,0.003261566162109375,0,0.000030517578125,0
0.00003814697265625,0.0003032684326171875,0,0.00000667572021484375,0.0006189446025484352,0.10631561279296875,0.0007534027099609375,0,0,0.00003965897092267707,0.0005855560302734375,0.2828941345214844,0,0.7777777777777778,0.2439889907836914,0.0612640380859375,0.00008371141221788194,0.012611552753411307,0,0.00002230817114400585,0.000171661376953125,0.00003814697265625,0.0005855560302734375,0.00003814697265625,0.00000286102294921875,0.00008371141221788194,0.0007534027099609375,0.024461746215820312,0,0,0.837445639734493,0.0040988922119140625,0.000482375407744101,0.00024890899658203125,0,0.00000476837158203125,0.04442031304332157,0,0.00000667572021484375,0.047445998314981835,0.000133514404296875,0.00007429521846463713,0.00000858306884765625,0.006759746700236515,0.0013713836669921875,0.03646794253377093,0.06,0.000019073486328125,0.00000476837158203125,0.28336238861083984,0.0471490224202474,0,0,0,0,0,0.00392156862745098,0,0.0040988922119140625,0.0003032684326171875,0.0013713836669921875,0,0.00000858306884765625,0,0,0.03542029857635498,0.000017350799778671216,0,0,0,0,0,0,0.106875,0.08495044708251953,0.1053476333618164,0,0.000034332275390625,0
0.00003814697265625,0.000049233436584472656,0,0.000003814697265625,0.000014781951904296875,0.28594493865966797,0.00018215179443359375,0,0,0.00002538832420850693,0.000052928924560546875,0.28600215911865234,0.007828712463378906,1,0.00021480023860931396,0.00047779083251953125,0.00004553794860839844,0.0013106722372641703,0,0.000012694162104253465,0.0000762939453125,0.00003814697265625,0.000052928924560546875,0.00003814697265625,9.5367431640625e-7,0.00004553794860839844,0.00018215179443359375,0.04094096592494419,0,0,0.0477454795147631,0.0002117156982421875,0.000014312563387445202,0.00006771087646484375,0,0.0003108978271484375,0.13464445794146507,0,0.000003814697265625,0.13479776003318567,0.0000762939453125,0.000012801545866640853,0.000003814697265625,0.9591973754482338,0.00006771087646484375,0.09999213608728583,0.06,0.000019073486328125,0.00000858306884765625,0.2865867614746094,0.09533405303955078,0,0,0,0,0,0.00392156862745098,0,0.0002117156982421875,0.000049233436584472656,0.00006771087646484375,0,0.000003814697265625,0,0,0.09552892049153645,0.000012694162104253465,0,0,0,0,0,0,0.08347444444444445,0.2858705520629883,0.2859668731689453,0,0.00000858306884765625,0
0.00003814697265625,0.000049233436584472656,0,0.000003814697265625,0.000014781951904296875,0.28687191009521484,0.00018215179443359375,0,0,0.000025324025648834436,0.000052928924560546875,0.2868986129760742,0.007828712463378906,1,0.00021480023860931396,0.00047779083251953125,0.00004553794860839844,0.001307352824121078,0,0.000012662012824417218,0.0000762939453125,0.00003814697265625,0.000052928924560546875,0.00003814697265625,9.5367431640625e-7,0.00004553794860839844,0.00018215179443359375,0.041044916425432475,0,0,0.0477454795147631,0.0002117156982421875,0.000014312563387445202,0.00006771087646484375,0,0.0002079010009765625,0.13512841634545994,0,0.000003814697265625,0.13522709585314782,0.0000762939453125,0.000012801545866640853,0.000003814697265625,0.9591668574044404,0.00006771087646484375,0.1003358911147901,0.06,0.000019073486328125,0.0000057220458984375,0.28731441497802734,0.09563287099202473,0,0,0,0,0,0.00392156862745098,0,0.0002117156982421875,0.000049233436584472656,0.00006771087646484375,0,0.000003814697265625,0,0,0.09577147165934245,0.000012662012824417218,0,0,0,0,0,0,0.0836863888888889,0.2868165969848633,0.28687286376953125,0,0.0000057220458984375,0
0.00003814697265625,0.0003032684326171875,0,0.00000667572021484375,0.0006189446025484352,0.1013336181640625,0.0007534027099609375,0,0,0.00003973187723932674,0.0005855560302734375,0.28177928924560547,0,0.7777777777777778,0.2439889907836914,0.0612640380859375,0.00008371141221788194,0.012634736962105904,0,0.000022349180947121292,0.000171661376953125,0.00003814697265625,0.0005855560302734375,0.00003814697265625,0.00000286102294921875,0.00008371141221788194,0.0007534027099609375,0.02441685994466146,0,0,0.8375371938658732,0.0040988922119140625,0.000482375407744101,0.00024890899658203125,0,0.0000057220458984375,0.04379054561339909,0,0.00000667572021484375,0.04703339300845476,0.000133514404296875,0.00007429521846463713,0.00000858306884765625,0.006759746700236515,0.0013713836669921875,0.03689106777171376,0.06,0.000019073486328125,0.0000057220458984375,0.28234100341796875,0.04696321487426758,0,0,0,0,0,0.00392156862745098,0,0.0040988922119140625,0.0003032684326171875,0.0013713836669921875,0,0.00000858306884765625,0,0,0.035292625427246094,0.00001738269629220545,0,0,0,0,0,0,0.10667888888888889,0.0872640609741211,0.1001443862915039,0,0.00003337860107421875,0
0.00003814697265625,0.0003032684326171875,0,0.00000667572021484375,0.0006189446025484352,0.10812091827392578,0.0007534027099609375,0,0,0.0000391675819221874,0.0005855560302734375,0.2867755889892578,0,0.7777777777777778,0.2439889907836914,0.0612640380859375,0.00008371141221788194,0.012455291051255592,0,0.000022031764831230412,0.000171661376953125,0.00003814697265625,0.0005855560302734375,0.00003814697265625,0.00000286102294921875,0.00008371141221788194,0.0007534027099609375,0.024768638610839843,0,0,0.8377203021286336,0.0040988922119140625,0.000482375407744101,0.00024890899658203125,0,0.00000476837158203125,0.04484681414051208,0,0.00000667572021484375,0.04814121740001658,0.000133514404296875,0.00007429521846463713,0.00000858306884765625,0.006759746700236515,0.0013713836669921875,0.03670109187417036,0.06,0.000019073486328125,0.00000476837158203125,0.2872428894042969,0.04779593149820963,0,0,0,0,0,0.00392156862745098,0,0.0040988922119140625,0.0003032684326171875,0.0013713836669921875,0,0.00000858306884765625,0,0,0.03590536117553711,0.000017135817090956986,0,0,0,0,0,0,0.10821583333333333,0.08539199829101562,0.10732650756835938,0,0.000030517578125,0
0.000049591064453125,0.0006697972615559896,0,0,0,1,0.0040187835693359375,0,0,4.3252383026467115e-7,0,0,0,0,0.49244011773003477,0.00048828125,0.0006697972615559896,0.00030377590345588736,0,4.3252383026467115e-7,0.00011444091796875,0,0,0.000049591064453125,0.000003814697265625,0.0006697972615559896,0.0040187835693359375,1,0,0,0.7758602273594263,0,0.0006852937272784599,0.0019044876098632812,0,0.0000457763671875,1,0,0,0,0,0.0006852937272784599,0.0000057220458984375,0.02050812542915999,0,1,0.06,0.000019073486328125,0.0000457763671875,1,0,0,0,0,0,0,0.00392156862745098,0,0,0.0006697972615559896,0.0019044876098632812,0,0.0000057220458984375,0,0,1,0,0,0,0,0,0,0,1,1,0,0,0,0
0.0000591278076171875,0.0000667572021484375,0,9.5367431640625e-7,0,0,0.0000591278076171875,0,0,0.00003136106533833999,0.0000743865966796875,0,0,1,0.00006103515625,0,0.0000591278076171875,0.0021952745736837993,0,0.000015680532669169995,0.00000762939453125,0.0000743865966796875,0.0000743865966796875,0.0000591278076171875,9.5367431640625e-7,0.0000591278076171875,0.0000591278076171875,0,0,0,0.7646753643091477,0.0000743865966796875,0.00000762939453125,0.0000591278076171875,0,0,0,0,9.5367431640625e-7,0,0.00000762939453125,0,9.5367431640625e-7,0.0008087281605249104,0.0000743865966796875,0,0.17,0.00000762939453125,0,0,0,0,0,0,0,0,0,0,0.0000743865966796875,0.0000667572021484375,0.0000743865966796875,0,9.5367431640625e-7,0,0,0,0.000015680532669169995,0,0,0,0,0,0,0.016894166666666665,0,0,0,0,0
0.00006198883056640625,0.00006961822509765625,0,9.5367431640625e-7,0,0,0.00006198883056640625,0,0,0.000040096462671330065,0.00007724761962890625,0,0,1,0.00006103515625,0,0.00006198883056640625,0.002927041775007095,0,0.000020048231335665032,0.00000762939453125,0.00007724761962890625,0.00007724761962890625,0.00006198883056640625,9.5367431640625e-7,0.00006198883056640625,0.00006198883056640625,0,0,0,0.9442893110551613,0.00007724761962890625,0.00000762939453125,0.00006198883056640625,0,0,0,0,9.5367431640625e-7,0,0.00000762939453125,0,9.5367431640625e-7,0.0008087281605249104,0.00007724761962890625,0,0.17,0.00000762939453125,0,0,0,0,0,0,0,0,0,0,0.00007724761962890625,0.00006961822509765625,0.00007724761962890625,0,9.5367431640625e-7,0,0,0,0.000020048231335665032,0,0,0,0,0,0,0.013213611111111112,0,0,0,0,0
0.00006198883056640625,0.00009107589721679688,0,9.5367431640625e-7,0,0,0.00006198883056640625,0,0,0.00003941291550218002,0.0001201629638671875,0,0,1,0.0008871555328369141,0,0.00006198883056640625,0.0037639334304581922,0,0.00001970645775109001,0.00000762939453125,0.0001201629638671875,0.0001201629638671875,0.00006198883056640625,9.5367431640625e-7,0.00006198883056640625,0.00006198883056640625,0,0,0,0.8262455176623178,0.0001201629638671875,0.000029087066650390625,0.00006198883056640625,0,0,0,0,9.5367431640625e-7,0,0.00000762939453125,0,9.5367431640625e-7,0.0008087281605249104,0.0001201629638671875,0,0.17,0.00000762939453125,0,0,0,0,0,0,0,0,0,0,0.0001201629638671875,0.00009107589721679688,0.0001201629638671875,0,9.5367431640625e-7,0,0,0,0.00001970645775109001,0,0,0,0,0,0,0.013442777777777777,0,0,0,0,0
0.00005817413330078125,0.00007581710815429688,0,9.5367431640625e-7,0,0,0.00005817413330078125,0,0,0.000038985950306853486,0.0000934600830078125,0,0,1,0.00032639503479003906,0,0.00005817413330078125,0.003099383049394852,0,0.000019492975153426743,0.00000762939453125,0.0000934600830078125,0.0000934600830078125,0.00005817413330078125,9.5367431640625e-7,0.00005817413330078125,0.00005817413330078125,0,0,0,0.8027771419851988,0.0000934600830078125,0.000017642974853515625,0.00005817413330078125,0,0,0,0,9.5367431640625e-7,0,0.00000762939453125,0,9.5367431640625e-7,0.0008087281605249104,0.0000934600830078125,0,0.17,0.00000762939453125,0,0,0,0,0,0,0,0,0,0,0.0000934600830078125,0.00007581710815429688,0.0000934600830078125,0,9.5367431640625e-7,0,0,0,0.000019492975153426743,0,0,0,0,0,0,0.01359,0,0,0,0,0
0.000064849853515625,0.00009584426879882812,0,9.5367431640625e-7,0,0,0.000064849853515625,0,0,0.000022387772111513452,0.00012683868408203125,0,0,1,0.0010073184967041016,0,0.000064849853515625,0.002249971097207102,0,0.000011193886055756726,0.00000762939453125,0.00012683868408203125,0.00012683868408203125,0.000064849853515625,9.5367431640625e-7,0.000064849853515625,0.000064849853515625,0,0,0,0.8190737773708705,0.00012683868408203125,0.000030994415283203125,0.000064849853515625,0,0,0,0,9.5367431640625e-7,0,0.00000762939453125,0,9.5367431640625e-7,0.0008087281605249104,0.00012683868408203125,0,0.17,0.00000762939453125,0,0,0,0,0,0,0,0,0,0,0.00012683868408203125,0.00009584426879882812,0.00012683868408203125,0,9.5367431640625e-7,0,0,0,0.000011193886055756726,0,0,0,0,0,0,0.023665555555555554,0,0,0,0,0
0.0000629425048828125,0.0000858306884765625,0,9.5367431640625e-7,0,0,0.0000629425048828125,0,0,0.000035346799221891735,0.0001087188720703125,0,0,1,0.00054931640625,0,0.0000629425048828125,0.0031812119299702564,0,0.000017673399610945867,0.00000762939453125,0.0001087188720703125,0.0001087188720703125,0.0000629425048828125,9.5367431640625e-7,0.0000629425048828125,0.0000629425048828125,0,0,0,0.9612878614480812,0.0001087188720703125,0.00002288818359375,0.0000629425048828125,0,0,0,0,9.5367431640625e-7,0,0.00000762939453125,0,9.5367431640625e-7,0.0008087281605249104,0.0001087188720703125,0,0.17,0.00000762939453125,0,0,0,0,0,0,0,0,0,0,0.0001087188720703125,0.0000858306884765625,0.0001087188720703125,0,9.5367431640625e-7,0,0,0,0.000017673399610945867,0,0,0,0,0,0,0.014989166666666666,0,0,0,0,0
0.000049591064453125,0.00020122528076171875,0,0,0,0.04551124572753906,0.0010061264038085938,0,0,0.00009687480358439824,0,0,0,0,0.016073226928710938,0.00048828125,0.00020122528076171875,0.020440583556308026,0,0.00009687480358439824,0.000095367431640625,0,0,0.000049591064453125,0.00000286102294921875,0.00020122528076171875,0.0010061264038085938,0.01173543930053711,0,0,0.605477988860914,0,0.00012380881916762202,0.00030231475830078125,0,0.00012493133544921875,0.019502559425029948,0,0,0,0,0.00012380881916762202,0.00000476837158203125,0.02050812542915999,0,0.019502559425029948,0.06,0.000019073486328125,0.00012493133544921875,0.04694175720214844,0,0,0,0,0,0,0.00392156862745098,0,0,0.00020122528076171875,0.00030231475830078125,0,0.00000476837158203125,0,0,0.01173543930053711,0,0,0,0,0,0,0,0.013672777777777778,0.04551124572753906,0,0,0,0
0.00006008148193359375,0.00006771087646484375,0,9.5367431640625e-7,0,0,0.00006008148193359375,0,0,0.00003138377018202386,0.00007534027099609375,0,0,1,0.00006103515625,0,0.00006008148193359375,0.0022282476829236938,0,0.00001569188509101193,0.00000762939453125,0.00007534027099609375,0.00007534027099609375,0.00006008148193359375,9.5367431640625e-7,0.00006008148193359375,0.00006008148193359375,0,0,0,0.9442282749675746,0.00007534027099609375,0.00000762939453125,0.00006008148193359375,0,0,0,0,9.5367431640625e-7,0,0.00000762939453125,0,9.5367431640625e-7,0.0008087281605249104,0.00007534027099609375,0,0.17,0.00000762939453125,0,0,0,0,0,0,0,0,0,0,0.00007534027099609375,0.00006771087646484375,0.00007534027099609375,0,9.5367431640625e-7,0,0,0,0.00001569188509101193,0,0,0,0,0,0,0.016881944444444446,0,0,0,0,0
0.00006389617919921875,0.00006389617919921875,0,0,0,0,0.00006389617919921875,0,0,0,0,0,0,0,0,0,0.00006389617919921875,0,0,0,0.00000762939453125,0,0,0.00006389617919921875,9.5367431640625e-7,0.00006389617919921875,0.00006389617919921875,0,0,0,0.7828336003662165,0,0,0.00006389617919921875,0,0,0,0,0,0,0,0,9.5367431640625e-7,0.0008087281605249104,0,0,0.17,0.00000762939453125,0,0,0,0,0,0,0,0,0,0,0,0.00006389617919921875,0.00006389617919921875,0,9.5367431640625e-7,0,0,0,0,0,0,0,0,0,0,0,0,0,0,0,0
